Region,Male_Deaths,Female_Deaths,Male_cases,Female_cases
Surat,176,88,2478,1105
Thane,163,78,4361,2686
Jabalpur,6,8,249,133
Rajkot,7,8,263,154
Indore,93,29,2865,1799
Karntaka,2518,1175,152515.654442931,88396.3455570691
Tamil Nadu,3253,1270,190959.135629212,109027.864370788
Varanasi,17,10,623,265
